,mean_fit_time,std_fit_time,mean_score_time,std_score_time,param_n_components,params,split0_test_score,split1_test_score,split2_test_score,mean_test_score,std_test_score,rank_test_score,Val. Log Likelihood
0,0.02240451176961263,0.0061931854813753505,0.002638578414916992,0.0018988262254159983,1,{'n_components': 1},118766.60101397625,360690.9996042455,465485.7888540322,314981.12982408464,145190.8926221073,7,314981.12982408464
1,0.228500763575236,0.019151928279365512,0.00520626703898112,0.007362773455863115,2,{'n_components': 2},118766.855140031,360691.208978712,465485.98169536924,314981.3486047041,145190.86674990415,6,314981.3486047041
2,1.5084009965260823,0.6297321103524223,0.0055162906646728516,0.0019080331388693086,3,{'n_components': 3},118767.0509531989,360691.31030372315,465486.20363802457,314981.5216316488,145190.86586273287,1,314981.5216316488
3,2.2749264240264893,0.7761872453643713,0.007139126459757487,0.006460004152198078,4,{'n_components': 4},118766.98782535724,360691.3154921603,465486.2054933801,314981.50293696584,145190.8954858045,2,314981.50293696584
4,3.09838875134786,1.1101845889275561,0.002973794937133789,0.003312437294453664,5,{'n_components': 5},118766.90525747946,360691.27234547335,465486.1893423305,314981.4556484278,145190.9225719387,3,314981.4556484278
5,3.8644195397694907,0.7743143695348256,0.011976877848307291,0.008473093067602184,6,{'n_components': 6},118766.8441718852,360691.23449622927,465486.0071010757,314981.3619230634,145190.88314714286,4,314981.3619230634
6,3.851308902104696,0.5820314476272266,0.013423681259155273,0.005393158692267531,7,{'n_components': 7},118766.91153661822,360691.138601197,465486.02070235286,314981.35694672266,145190.84743730677,5,314981.35694672266
