,n_classes,aics,bics,sabics,relative_entropies,convergence
0,1,35050.89329610303,35261.229782126844,35424.50041332745,,True
1,2,34467.06226566178,34892.99364986,35223.61667804123,0.6496830296853016,True
2,3,33931.07473196712,34572.60101433975,35070.57643950161,0.6739706372351683,True
3,4,33776.49226870252,34633.613449249555,35298.94127139204,0.6557258325577652,True
4,5,33848.31130830133,34921.027387022776,35753.70760614588,0.6514068531127981,False
5,6,33910.532515813,35198.84349270885,36198.87610881258,0.6364642841035979,False
6,7,34030.41974932865,35534.32562439891,36701.710637483266,0.6949866080679896,False
